Insert into User ('us_name','us_status') values ('jcnunezm','Activo');
Insert into User ('us_name','us_status') values ('carevaloq','Activo');

Insert into Budget ('bu_name','bu_status','User_us_id') values ('presupuesto_julian','Activado','1');
Insert into Budget ('bu_name','bu_status','User_us_id') values ('presupuesto_christian','Activado','2');

Insert into Category ('ca_name','ca_description','ca_type') values ('Salario','Salario','Income');
Insert into Category ('ca_name','ca_description','ca_type') values ('Bancos','Pago de tarjetas de crédito','Outcome');
Insert into Category ('ca_name','ca_description','ca_type') values ('Deudas','Deudas personales','Outcome');
Insert into Category ('ca_name','ca_description','ca_type') values ('Ahorros','Ahorros','Outcome');
Insert into Category ('ca_name','ca_description','ca_type') values ('Inversión','Valores en Fiduciaria','Outcome');
Insert into Category ('ca_name','ca_description','ca_type') values ('Transporte','Buses','Outcome');
Insert into Category ('ca_name','ca_description','ca_type') values ('Gaseosa','Gaseosa','Outcome');
Insert into Category ('ca_name','ca_description','ca_type') values ('Parqueadero','Pago de parqueaderos','Outcome');
Insert into Category ('ca_name','ca_description','ca_type') values ('Comida','Cosas por ahi','Outcome');
Insert into Category ('ca_name','ca_description','ca_type') values ('Gasolina','Gasolina','Outcome');
Insert into Category ('ca_name','ca_description','ca_type') values ('Compras','Compras varias','Outcome');
Insert into Category ('ca_name','ca_description','ca_type') values ('Varios','Gastos no previstos','Outcome');
Insert into Category ('ca_name','ca_description','ca_type') values ('Personal','Gastos personales','Outcome');
Insert into Category ('ca_name','ca_description','ca_type') values ('Celular','Recargas','Outcome');
Insert into Category ('ca_name','ca_description','ca_type') values ('Entretenimiento','Cine, salidas, cerveza','Outcome');
Insert into Category ('ca_name','ca_description','ca_type') values ('Mercado','Mercado Apto','Outcome');

Insert into Income ('in_name','in_amount','in_date','in_recurrence','Budget_bu_id','Category_ca_id') values ('Salario','5900000','43231','Mensual','1','1');

Insert into Outcome ('ou_name','ou_amount','ou_date','ou_recurrence','Budget_bu_id','Category_ca_id') values ('Deudas','790000','11/05/2018',null,'1','3');
Insert into Outcome ('ou_name','ou_amount','ou_date','ou_recurrence','Budget_bu_id','Category_ca_id') values ('Gaseosa','2200','11/05/2018',null,'1','7');
Insert into Outcome ('ou_name','ou_amount','ou_date','ou_recurrence','Budget_bu_id','Category_ca_id') values ('Deudas','400000','12/05/2018',null,'1','3');
Insert into Outcome ('ou_name','ou_amount','ou_date','ou_recurrence','Budget_bu_id','Category_ca_id') values ('Parqueadero','4200','12/05/2018',null,'1','8');
Insert into Outcome ('ou_name','ou_amount','ou_date','ou_recurrence','Budget_bu_id','Category_ca_id') values ('Personal','47100','12/05/2018',null,'1','13');
Insert into Outcome ('ou_name','ou_amount','ou_date','ou_recurrence','Budget_bu_id','Category_ca_id') values ('Gasolina','50000','12/05/2018',null,'1','10');
Insert into Outcome ('ou_name','ou_amount','ou_date','ou_recurrence','Budget_bu_id','Category_ca_id') values ('Compras','69800','12/05/2018',null,'1','11');
Insert into Outcome ('ou_name','ou_amount','ou_date','ou_recurrence','Budget_bu_id','Category_ca_id') values ('Gaseosa','2800','13/05/2018',null,'1','7');
Insert into Outcome ('ou_name','ou_amount','ou_date','ou_recurrence','Budget_bu_id','Category_ca_id') values ('Varios','25000','13/05/2018',null,'1','12');
Insert into Outcome ('ou_name','ou_amount','ou_date','ou_recurrence','Budget_bu_id','Category_ca_id') values ('Varios','50000','13/05/2018',null,'1','12');
Insert into Outcome ('ou_name','ou_amount','ou_date','ou_recurrence','Budget_bu_id','Category_ca_id') values ('Comida','34000','14/05/2018',null,'1','9');
Insert into Outcome ('ou_name','ou_amount','ou_date','ou_recurrence','Budget_bu_id','Category_ca_id') values ('Parqueadero','1100','14/05/2018',null,'1','8');
Insert into Outcome ('ou_name','ou_amount','ou_date','ou_recurrence','Budget_bu_id','Category_ca_id') values ('Deudas','200000','15/05/2018',null,'1','3');
Insert into Outcome ('ou_name','ou_amount','ou_date','ou_recurrence','Budget_bu_id','Category_ca_id') values ('Comida','1700','15/05/2018',null,'1','9');
Insert into Outcome ('ou_name','ou_amount','ou_date','ou_recurrence','Budget_bu_id','Category_ca_id') values ('Comida','14500','15/05/2018',null,'1','9');
Insert into Outcome ('ou_name','ou_amount','ou_date','ou_recurrence','Budget_bu_id','Category_ca_id') values ('Parqueadero','12000','15/05/2018',null,'1','8');
Insert into Outcome ('ou_name','ou_amount','ou_date','ou_recurrence','Budget_bu_id','Category_ca_id') values ('Celular','62000','15/05/2018',null,'1','14');
Insert into Outcome ('ou_name','ou_amount','ou_date','ou_recurrence','Budget_bu_id','Category_ca_id') values ('Gaseosa','2500','15/05/2018',null,'1','7');
Insert into Outcome ('ou_name','ou_amount','ou_date','ou_recurrence','Budget_bu_id','Category_ca_id') values ('Comida','1900','15/05/2018',null,'1','9');
Insert into Outcome ('ou_name','ou_amount','ou_date','ou_recurrence','Budget_bu_id','Category_ca_id') values ('Entretenimiento','32000','15/05/2018',null,'1','15');
Insert into Outcome ('ou_name','ou_amount','ou_date','ou_recurrence','Budget_bu_id','Category_ca_id') values ('Parqueadero','8000','15/05/2018',null,'1','8');
Insert into Outcome ('ou_name','ou_amount','ou_date','ou_recurrence','Budget_bu_id','Category_ca_id') values ('Comida','7000','16/05/2018',null,'1','9');
Insert into Outcome ('ou_name','ou_amount','ou_date','ou_recurrence','Budget_bu_id','Category_ca_id') values ('Inversión','900000','16/05/2018',null,'1','5');
Insert into Outcome ('ou_name','ou_amount','ou_date','ou_recurrence','Budget_bu_id','Category_ca_id') values ('Bancos','1563000','16/05/2018',null,'1','2');
Insert into Outcome ('ou_name','ou_amount','ou_date','ou_recurrence','Budget_bu_id','Category_ca_id') values ('Comida','12800','16/05/2018',null,'1','9');
Insert into Outcome ('ou_name','ou_amount','ou_date','ou_recurrence','Budget_bu_id','Category_ca_id') values ('Comida','39300','16/05/2018',null,'1','9');
Insert into Outcome ('ou_name','ou_amount','ou_date','ou_recurrence','Budget_bu_id','Category_ca_id') values ('Personal','49000','16/05/2018',null,'1','13');
Insert into Outcome ('ou_name','ou_amount','ou_date','ou_recurrence','Budget_bu_id','Category_ca_id') values ('Transporte','1400','16/05/2018',null,'1','6');
Insert into Outcome ('ou_name','ou_amount','ou_date','ou_recurrence','Budget_bu_id','Category_ca_id') values ('Comida','4500','17/05/2018',null,'1','9');
Insert into Outcome ('ou_name','ou_amount','ou_date','ou_recurrence','Budget_bu_id','Category_ca_id') values ('Gaseosa','2200','17/05/2018',null,'1','7');
Insert into Outcome ('ou_name','ou_amount','ou_date','ou_recurrence','Budget_bu_id','Category_ca_id') values ('Comida','1900','17/05/2018',null,'1','9');
Insert into Outcome ('ou_name','ou_amount','ou_date','ou_recurrence','Budget_bu_id','Category_ca_id') values ('Comida','4100','18/05/2018',null,'1','9');
Insert into Outcome ('ou_name','ou_amount','ou_date','ou_recurrence','Budget_bu_id','Category_ca_id') values ('Comida','1000','18/05/2018',null,'1','9');
Insert into Outcome ('ou_name','ou_amount','ou_date','ou_recurrence','Budget_bu_id','Category_ca_id') values ('Varios','4200','18/05/2018',null,'1','12');
Insert into Outcome ('ou_name','ou_amount','ou_date','ou_recurrence','Budget_bu_id','Category_ca_id') values ('Varios','2800','18/05/2018',null,'1','12');
Insert into Outcome ('ou_name','ou_amount','ou_date','ou_recurrence','Budget_bu_id','Category_ca_id') values ('Parqueadero','10250','19/05/2018',null,'1','8');
Insert into Outcome ('ou_name','ou_amount','ou_date','ou_recurrence','Budget_bu_id','Category_ca_id') values ('Gasolina','50000','19/05/2018',null,'1','10');
Insert into Outcome ('ou_name','ou_amount','ou_date','ou_recurrence','Budget_bu_id','Category_ca_id') values ('Parqueadero','1000','19/05/2018',null,'1','8');
Insert into Outcome ('ou_name','ou_amount','ou_date','ou_recurrence','Budget_bu_id','Category_ca_id') values ('Gaseosa','2700','19/05/2018',null,'1','7');
Insert into Outcome ('ou_name','ou_amount','ou_date','ou_recurrence','Budget_bu_id','Category_ca_id') values ('Comida','29700','21/05/2018',null,'1','9');
Insert into Outcome ('ou_name','ou_amount','ou_date','ou_recurrence','Budget_bu_id','Category_ca_id') values ('Comida','600','21/05/2018',null,'1','9');
Insert into Outcome ('ou_name','ou_amount','ou_date','ou_recurrence','Budget_bu_id','Category_ca_id') values ('Mercado','100000','21/05/2018',null,'1','16');
Insert into Outcome ('ou_name','ou_amount','ou_date','ou_recurrence','Budget_bu_id','Category_ca_id') values ('Comida','10200','21/05/2018',null,'1','9');
Insert into Outcome ('ou_name','ou_amount','ou_date','ou_recurrence','Budget_bu_id','Category_ca_id') values ('Comida','200','22/05/2018',null,'1','9');
Insert into Outcome ('ou_name','ou_amount','ou_date','ou_recurrence','Budget_bu_id','Category_ca_id') values ('Gaseosa','2100','23/05/2018',null,'1','7');
Insert into Outcome ('ou_name','ou_amount','ou_date','ou_recurrence','Budget_bu_id','Category_ca_id') values ('Comida','8500','23/05/2018',null,'1','9');
Insert into Outcome ('ou_name','ou_amount','ou_date','ou_recurrence','Budget_bu_id','Category_ca_id') values ('Gaseosa','2700','23/05/2018',null,'1','7');
Insert into Outcome ('ou_name','ou_amount','ou_date','ou_recurrence','Budget_bu_id','Category_ca_id') values ('Comida','3000','24/05/2018',null,'1','9');
Insert into Outcome ('ou_name','ou_amount','ou_date','ou_recurrence','Budget_bu_id','Category_ca_id') values ('Gaseosa','2200','24/05/2018',null,'1','7');
Insert into Outcome ('ou_name','ou_amount','ou_date','ou_recurrence','Budget_bu_id','Category_ca_id') values ('Comida','1900','24/05/2018',null,'1','9');
Insert into Outcome ('ou_name','ou_amount','ou_date','ou_recurrence','Budget_bu_id','Category_ca_id') values ('Comida','20000','24/05/2018',null,'1','9');
Insert into Outcome ('ou_name','ou_amount','ou_date','ou_recurrence','Budget_bu_id','Category_ca_id') values ('Transporte','5000','24/05/2018',null,'1','6');
Insert into Outcome ('ou_name','ou_amount','ou_date','ou_recurrence','Budget_bu_id','Category_ca_id') values ('Comida','2000','25/05/2018',null,'1','9');
Insert into Outcome ('ou_name','ou_amount','ou_date','ou_recurrence','Budget_bu_id','Category_ca_id') values ('Deudas','400000','25/05/2018',null,'1','3');
Insert into Outcome ('ou_name','ou_amount','ou_date','ou_recurrence','Budget_bu_id','Category_ca_id') values ('Comida','19400','25/05/2018',null,'1','9');
Insert into Outcome ('ou_name','ou_amount','ou_date','ou_recurrence','Budget_bu_id','Category_ca_id') values ('Varios','130000','25/05/2018',null,'1','12');
Insert into Outcome ('ou_name','ou_amount','ou_date','ou_recurrence','Budget_bu_id','Category_ca_id') values ('Entretenimiento','15100','25/05/2018',null,'1','15');
Insert into Outcome ('ou_name','ou_amount','ou_date','ou_recurrence','Budget_bu_id','Category_ca_id') values ('Entretenimiento','12000','25/05/2018',null,'1','15');
Insert into Outcome ('ou_name','ou_amount','ou_date','ou_recurrence','Budget_bu_id','Category_ca_id') values ('Entretenimiento','10500','26/05/2018',null,'1','15');
Insert into Outcome ('ou_name','ou_amount','ou_date','ou_recurrence','Budget_bu_id','Category_ca_id') values ('Comida','7300','26/05/2018',null,'1','9');
Insert into Outcome ('ou_name','ou_amount','ou_date','ou_recurrence','Budget_bu_id','Category_ca_id') values ('Gaseosa','2700','26/05/2018',null,'1','7');
Insert into Outcome ('ou_name','ou_amount','ou_date','ou_recurrence','Budget_bu_id','Category_ca_id') values ('Comida','120000','27/05/2018',null,'1','9');
Insert into Outcome ('ou_name','ou_amount','ou_date','ou_recurrence','Budget_bu_id','Category_ca_id') values ('Personal','8000','27/05/2018',null,'1','13');
Insert into Outcome ('ou_name','ou_amount','ou_date','ou_recurrence','Budget_bu_id','Category_ca_id') values ('Gaseosa','2700','27/05/2018',null,'1','7');
Insert into Outcome ('ou_name','ou_amount','ou_date','ou_recurrence','Budget_bu_id','Category_ca_id') values ('Comida','1600','28/05/2018',null,'1','9');
Insert into Outcome ('ou_name','ou_amount','ou_date','ou_recurrence','Budget_bu_id','Category_ca_id') values ('Gaseosa','2200','28/05/2018',null,'1','7');
Insert into Outcome ('ou_name','ou_amount','ou_date','ou_recurrence','Budget_bu_id','Category_ca_id') values ('Transporte','10000','28/05/2018',null,'1','6');
Insert into Outcome ('ou_name','ou_amount','ou_date','ou_recurrence','Budget_bu_id','Category_ca_id') values ('Comida','10200','28/05/2018',null,'1','9');
Insert into Outcome ('ou_name','ou_amount','ou_date','ou_recurrence','Budget_bu_id','Category_ca_id') values ('Comida','2400','29/05/2018',null,'1','9');
Insert into Outcome ('ou_name','ou_amount','ou_date','ou_recurrence','Budget_bu_id','Category_ca_id') values ('Gaseosa','2200','29/05/2018',null,'1','7');
Insert into Outcome ('ou_name','ou_amount','ou_date','ou_recurrence','Budget_bu_id','Category_ca_id') values ('Transporte','3400','29/05/2018',null,'1','6');
Insert into Outcome ('ou_name','ou_amount','ou_date','ou_recurrence','Budget_bu_id','Category_ca_id') values ('Personal','31600','29/05/2018',null,'1','13');
Insert into Outcome ('ou_name','ou_amount','ou_date','ou_recurrence','Budget_bu_id','Category_ca_id') values ('Comida','400','29/05/2018',null,'1','9');
Insert into Outcome ('ou_name','ou_amount','ou_date','ou_recurrence','Budget_bu_id','Category_ca_id') values ('Transporte','70000','29/05/2018',null,'1','6');
Insert into Outcome ('ou_name','ou_amount','ou_date','ou_recurrence','Budget_bu_id','Category_ca_id') values ('Varios','1500','29/05/2018',null,'1','12');
Insert into Outcome ('ou_name','ou_amount','ou_date','ou_recurrence','Budget_bu_id','Category_ca_id') values ('Comida','11000','29/05/2018',null,'1','9');
Insert into Outcome ('ou_name','ou_amount','ou_date','ou_recurrence','Budget_bu_id','Category_ca_id') values ('Comida','500','30/05/2018',null,'1','9');
Insert into Outcome ('ou_name','ou_amount','ou_date','ou_recurrence','Budget_bu_id','Category_ca_id') values ('Varios','500','30/05/2018',null,'1','12');
Insert into Outcome ('ou_name','ou_amount','ou_date','ou_recurrence','Budget_bu_id','Category_ca_id') values ('Gaseosa','2200','30/05/2018',null,'1','7');
Insert into Outcome ('ou_name','ou_amount','ou_date','ou_recurrence','Budget_bu_id','Category_ca_id') values ('Varios','1700','30/05/2018',null,'1','12');
Insert into Outcome ('ou_name','ou_amount','ou_date','ou_recurrence','Budget_bu_id','Category_ca_id') values ('Mercado','2950','30/05/2018',null,'1','16');
Insert into Outcome ('ou_name','ou_amount','ou_date','ou_recurrence','Budget_bu_id','Category_ca_id') values ('Comida','1000','30/05/2018',null,'1','9');
Insert into Outcome ('ou_name','ou_amount','ou_date','ou_recurrence','Budget_bu_id','Category_ca_id') values ('Varios','1000','30/05/2018',null,'1','12');
Insert into Outcome ('ou_name','ou_amount','ou_date','ou_recurrence','Budget_bu_id','Category_ca_id') values ('Comida','2400','31/05/2018',null,'1','9');
Insert into Outcome ('ou_name','ou_amount','ou_date','ou_recurrence','Budget_bu_id','Category_ca_id') values ('Gaseosa','2200','31/05/2018',null,'1','7');
Insert into Outcome ('ou_name','ou_amount','ou_date','ou_recurrence','Budget_bu_id','Category_ca_id') values ('Comida','7500','31/05/2018',null,'1','9');
Insert into Outcome ('ou_name','ou_amount','ou_date','ou_recurrence','Budget_bu_id','Category_ca_id') values ('Gaseosa','2600','31/05/2018',null,'1','7');
Insert into Outcome ('ou_name','ou_amount','ou_date','ou_recurrence','Budget_bu_id','Category_ca_id') values ('Mercado','1850','31/05/2018',null,'1','16');
Insert into Outcome ('ou_name','ou_amount','ou_date','ou_recurrence','Budget_bu_id','Category_ca_id') values ('Comida','2400','01/06/2018',null,'1','9');
Insert into Outcome ('ou_name','ou_amount','ou_date','ou_recurrence','Budget_bu_id','Category_ca_id') values ('Gaseosa','2200','01/06/2018',null,'1','7');
Insert into Outcome ('ou_name','ou_amount','ou_date','ou_recurrence','Budget_bu_id','Category_ca_id') values ('Bancos','267866','01/06/2018',null,'1','2');
Insert into Outcome ('ou_name','ou_amount','ou_date','ou_recurrence','Budget_bu_id','Category_ca_id') values ('Entretenimiento','30300','01/06/2018',null,'1','15');
Insert into Outcome ('ou_name','ou_amount','ou_date','ou_recurrence','Budget_bu_id','Category_ca_id') values ('Varios','30000','03/06/2018',null,'1','12');
Insert into Outcome ('ou_name','ou_amount','ou_date','ou_recurrence','Budget_bu_id','Category_ca_id') values ('Gaseosa','2500','03/06/2018',null,'1','7');
Insert into Outcome ('ou_name','ou_amount','ou_date','ou_recurrence','Budget_bu_id','Category_ca_id') values ('Comida','18000','03/06/2018',null,'1','9');
